{
  "shots": [
    5,
    10,
    20
  ],
  "reptile_nmse_db": {
    "5": -3.634450498972929,
    "10": -4.220276930167087,
    "20": -4.889810987062869
  },
  "maml_nmse_db": {
    "5": -4.628145378465096,
    "10": -5.422931714679309,
    "20": -5.659331957985824
  },
  "baseline_nmse_db": {
    "5": 0.8862552794494162,
    "10": -1.1372292209219546,
    "20": -2.53500215625484
  },
  "adapt_steps": 5,
  "baseline_steps": 200,
  "inner_lr": 0.01,
  "baseline_lr": 0.01,
  "default_report_shots": 5
}