,precision,recall,f1-score,support
Non-Target,0.979253112033195,0.9833333333333333,0.9812889812889813,480.0
Target,0.9148936170212766,0.8958333333333334,0.9052631578947369,96.0
accuracy,0.96875,0.96875,0.96875,0.96875
macro avg,0.9470733645272358,0.9395833333333333,0.9432760695918592,576.0
weighted avg,0.9685265295312087,0.96875,0.9686180107232738,576.0
