,precision,recall,f1-score,support
Non-Target,0.9589322381930184,0.9729166666666667,0.9658738366080661,480.0
Target,0.8539325842696629,0.7916666666666666,0.8216216216216217,96.0
accuracy,0.9427083333333334,0.9427083333333334,0.9427083333333334,0.9427083333333334
macro avg,0.9064324112313407,0.8822916666666667,0.8937477291148439,576.0
weighted avg,0.9414322958724592,0.9427083333333334,0.9418318007769921,576.0
