,precision,recall,f1-score,support
Non-Target,0.9478458049886621,0.8708333333333333,0.9077090119435396,480.0
Target,0.5407407407407407,0.7604166666666666,0.6320346320346321,96.0
accuracy,0.8524305555555556,0.8524305555555556,0.8524305555555556,0.8524305555555556
macro avg,0.7442932728647014,0.815625,0.7698718219890859,576.0
weighted avg,0.8799949609473419,0.8524305555555556,0.8617632819587216,576.0
