,precision,recall,f1-score,support
Non-Target,0.8870523415977961,0.6708333333333333,0.763938315539739,480.0
Target,0.25821596244131456,0.5729166666666666,0.3559870550161812,96.0
accuracy,0.6545138888888888,0.6545138888888888,0.6545138888888888,0.6545138888888888
macro avg,0.5726341520195554,0.621875,0.5599626852779601,576.0
weighted avg,0.7822462784050492,0.6545138888888888,0.6959464387858127,576.0
