,precision,recall,f1-score,support
Non-Target,0.9893617021276596,0.9587628865979382,0.9738219895287958,97.0
Target,0.8181818181818182,0.9473684210526315,0.8780487804878049,19.0
accuracy,0.9568965517241379,0.9568965517241379,0.9568965517241379,0.9568965517241379
macro avg,0.9037717601547389,0.9530656538252849,0.9259353850083003,116.0
weighted avg,0.9613236176882546,0.9568965517241379,0.9581349983927715,116.0
